reference,query_species,fimA,fimB,fimC,fimD,fimE,fimF,fimG,fimH,fimI
AP006725.1,CP084866.1,100,100,100,100,100,100,100,100,100
AP006725.1,CP025080.1,100,100,100,100,100,100,100,100,100
AP006725.1,CP040533.1,100,99.047619047619,99.1489361702128,99.3127147766323,100,96.6292134831461,98.8023952095808,99.3399339933993,96.6850828729282
AP006725.1,CP024707.1,100,99.047619047619,99.1489361702128,99.7703788748565,98.0392156862745,95.5307262569832,98.8023952095808,99.3399339933993,98.8826815642458
AP006725.1,CP040539.1,100,99.047619047619,99.1489361702128,99.3127147766323,100,96.6292134831461,98.8023952095808,99.3399339933993,96.6850828729282
AP006725.1,CP040545.1,100,99.047619047619,99.1489361702128,99.3127147766323,100,96.6292134831461,98.8023952095808,99.3399339933993,96.6850828729282
AP006725.1,CP064241.1,100,99.047619047619,99.1489361702128,99.3127147766323,100,96.6292134831461,98.8023952095808,99.3399339933993,96.6850828729282
AP006725.1,CP064232.1,100,100,100,100,100,100,100,100,100
AP006725.1,CP064229.1,100,100,100,100,100,100,100,100,100
AP006725.1,CP064223.1,100,99.047619047619,99.1489361702128,99.3127147766323,100,96.6292134831461,98.8023952095808,99.3399339933993,96.6850828729282
AP006725.1,CP064217.1,100,99.047619047619,99.1489361702128,99.3127147766323,100,96.6292134831461,98.8023952095808,99.3399339933993,96.6850828729282
AP006725.1,CP064211.1,100,99.047619047619,99.1489361702128,99.3127147766323,100,96.6292134831461,98.8023952095808,99.3399339933993,96.6850828729282
AP006725.1,CP064258.1,100,99.047619047619,99.1489361702128,99.3127147766323,100,96.6292134831461,98.8023952095808,99.3399339933993,96.6850828729282
AP006725.1,CP064208.1,100,100,100,100,100,100,100,100,100
AP006725.1,CP064205.1,100,100,100,100,100,100,100,100,100
AP006725.1,NC.000913.3,70.0934579439252,70.4166666666667,69.6428571428571,65.0613786591124,68.0672268907563,55.3097345132743,60.0961538461538,73.9884393063584,58.6666666666667
