referenceID	query_seqID	identity	score	pos	changes
AP006725.1_fimB	AP006725.1_fimB	100.0	1111.0	.	.
AP006725.1_fimB	CP084866.1_fimB	100.0	1111.0	.	.
AP006725.1_fimB	CP025080.1_fimB	100.0	1111.0	.	.
AP006725.1_fimB	CP040533.1_fimB	99.04761904761905	1109.0	14	'L>I'
AP006725.1_fimB	CP024707.1_fimB	99.04761904761905	1109.0	14	'L>I'
AP006725.1_fimB	CP040539.1_fimB	99.04761904761905	1109.0	14	'L>I'
AP006725.1_fimB	CP040545.1_fimB	99.04761904761905	1109.0	14	'L>I'
AP006725.1_fimB	CP064241.1_fimB	99.04761904761905	1109.0	14	'L>I'
AP006725.1_fimB	CP064232.1_fimB	100.0	1111.0	.	.
AP006725.1_fimB	CP064229.1_fimB	100.0	1111.0	.	.
AP006725.1_fimB	CP064223.1_fimB	99.04761904761905	1109.0	14	'L>I'
AP006725.1_fimB	CP064217.1_fimB	99.04761904761905	1109.0	14	'L>I'
AP006725.1_fimB	CP064211.1_fimB	99.04761904761905	1109.0	14	'L>I'
AP006725.1_fimB	CP064258.1_fimB	99.04761904761905	1109.0	14	'L>I'
AP006725.1_fimB	CP064208.1_fimB	100.0	1111.0	.	.
AP006725.1_fimB	CP064205.1_fimB	100.0	1111.0	.	.
AP006725.1_fimB	NC.000913.3_fimB	70.41666666666667	879.5	9, 11, 14, 22, 23, 33, 37, 53, 69, 71, 73, 90, 93, 94, 98, 101, 104, 106, 108, 110, 114, 130, 133, 134, 138, 142, 197, 198, 200, 201, 204, 205, 206, 207, 0, 1, 2, 3, 4, 5, 6, 7, 208	'T>K', 'N>K', 'L>N', 'Q>H', 'N>S', 'D>N', 'Y>H', 'L>F', 'A>K', 'R>K', 'V>I', 'D>N', 'I>V', 'Y>Q', 'R>N', 'A>S', 'S>T', 'W>Y', 'Q>H', 'A>E', 'L>V', 'Q>H', 'A>S', 'S>T', 'L>N', 'P>S', 'N>R', 'P>A', 'D>G', 'K>R', 'S>H', 'S>A', 'L>V', 'I>L', 'M>-', 'P>-', 'A>-', 'I>-', 'K>-', 'G>-', 'K>-', 'T>-', 'Q>-'
