referenceID	query_seqID	identity	score	pos	changes
AP006725.1_fimE	AP006725.1_fimE	100.0	1062.0	.	.
AP006725.1_fimE	CP084866.1_fimE	100.0	1062.0	.	.
AP006725.1_fimE	CP025080.1_fimE	100.0	1062.0	.	.
AP006725.1_fimE	CP040533.1_fimE	100.0	1062.0	.	.
AP006725.1_fimE	CP024707.1_fimE	98.0392156862745	1054.0	195, 199	'T>K', 'I>L'
AP006725.1_fimE	CP040539.1_fimE	100.0	1062.0	.	.
AP006725.1_fimE	CP040545.1_fimE	100.0	1062.0	.	.
AP006725.1_fimE	CP064241.1_fimE	100.0	1062.0	.	.
AP006725.1_fimE	CP064232.1_fimE	100.0	1062.0	.	.
AP006725.1_fimE	CP064229.1_fimE	100.0	1062.0	.	.
AP006725.1_fimE	CP064223.1_fimE	100.0	1062.0	.	.
AP006725.1_fimE	CP064217.1_fimE	100.0	1062.0	.	.
AP006725.1_fimE	CP064211.1_fimE	100.0	1062.0	.	.
AP006725.1_fimE	CP064258.1_fimE	100.0	1062.0	.	.
AP006725.1_fimE	CP064208.1_fimE	100.0	1062.0	.	.
AP006725.1_fimE	CP064205.1_fimE	100.0	1062.0	.	.
AP006725.1_fimE	NC.000913.3_fimE	68.0672268907563	848.0	1, 2, 5, 8, 18, 19, 20, 22, 25, 35, 50, 55, 59, 61, 71, 82, 86, 87, 88, 91, 94, 97, 101, 108, 109, 121, 124, 125, 131, 150, 181, 188, 189, 194, 195, 196, 197, 199, 192, 193, 200, 201	'N>S', 'R>K', 'F>Y', 'A>G', 'A>V', 'R>C', 'Q>Y', 'P>A', 'E>A', 'F>Y', 'H>Q', 'H>N', 'V>I', 'V>I', 'I>V', 'I>V', 'S>T', 'L>Q', 'V>E', 'G>N', 'A>G', 'K>R', 'L>I', 'T>S', 'A>R', 'S>D', 'E>I', 'N>E', 'H>Q', 'T>A', 'I>L', 'L>I', 'E>N', 'K>L', 'T>K', 'K>R', 'N>E', 'I>V', 'D>-', 'Q>-', 'T>-', 'D>-'
