referenceID	query_seqID	identity	score	pos	changes
AP006725.1_fimG	AP006725.1_fimG	100.0	839.0	.	.
AP006725.1_fimG	CP084866.1_fimG	100.0	839.0	.	.
AP006725.1_fimG	CP025080.1_fimG	100.0	839.0	.	.
AP006725.1_fimG	CP040533.1_fimG	98.80239520958084	835.0	140	'A>V'
AP006725.1_fimG	CP024707.1_fimG	98.80239520958084	835.0	140	'A>V'
AP006725.1_fimG	CP040539.1_fimG	98.80239520958084	835.0	140	'A>V'
AP006725.1_fimG	CP040545.1_fimG	98.80239520958084	835.0	140	'A>V'
AP006725.1_fimG	CP064241.1_fimG	98.80239520958084	835.0	140	'A>V'
AP006725.1_fimG	CP064232.1_fimG	100.0	839.0	.	.
AP006725.1_fimG	CP064229.1_fimG	100.0	839.0	.	.
AP006725.1_fimG	CP064223.1_fimG	98.80239520958084	835.0	140	'A>V'
AP006725.1_fimG	CP064217.1_fimG	98.80239520958084	835.0	140	'A>V'
AP006725.1_fimG	CP064211.1_fimG	98.80239520958084	835.0	140	'A>V'
AP006725.1_fimG	CP064258.1_fimG	98.80239520958084	835.0	140	'A>V'
AP006725.1_fimG	CP064208.1_fimG	100.0	839.0	.	.
AP006725.1_fimG	CP064205.1_fimG	100.0	839.0	.	.
AP006725.1_fimG	NC.000913.3_fimG	60.09615384615385	646.0	3, 4, 5, 7, 8, 11, 12, 14, 19, 20, 21, 27, 36, 43, 48, 54, 58, 59, 62, 68, 72, 74, 84, 86, 90, 104, 112, 113, 114, 116, 120, 122, 123, 124, 125, 130, 131, 136, 141, 145, 160, 161, 166, 15	'T>C', 'H>K', 'V>R', 'W>Y', 'L>V', 'G>A', 'L>I', 'T>A', 'S>T', 'L>I', 'R>Q', 'L>I', 'R>K', 'V>T', 'E>D', 'T>S', 'I>M', 'G>S', 'S>A', 'S>D', 'D>E', 'S>T', 'K>T', 'T>S', 'T>A', 'G>Q', 'N>D', 'E>D', 'D>S', 'T>N', 'N>T', 'S>A', 'S>T', 'Q>K', 'S>T', 'E>D', 'A>S', 'R>H', 'A>V', 'S>T', 'N>S', 'V>I', 'A>S', '->L'
