referenceID	query_seqID	identity	score	pos	changes
AP006725.1_fimC	AP006725.1_fimC	100.0	1194.0	.	.
AP006725.1_fimC	CP084866.1_fimC	100.0	1194.0	.	.
AP006725.1_fimC	CP025080.1_fimC	100.0	1194.0	.	.
AP006725.1_fimC	CP040533.1_fimC	99.14893617021276	1189.0	24	'T>A'
AP006725.1_fimC	CP024707.1_fimC	99.14893617021276	1189.0	24	'T>A'
AP006725.1_fimC	CP040539.1_fimC	99.14893617021276	1189.0	24	'T>A'
AP006725.1_fimC	CP040545.1_fimC	99.14893617021276	1189.0	24	'T>A'
AP006725.1_fimC	CP064241.1_fimC	99.14893617021276	1189.0	24	'T>A'
AP006725.1_fimC	CP064232.1_fimC	100.0	1194.0	.	.
AP006725.1_fimC	CP064229.1_fimC	100.0	1194.0	.	.
AP006725.1_fimC	CP064223.1_fimC	99.14893617021276	1189.0	24	'T>A'
AP006725.1_fimC	CP064217.1_fimC	99.14893617021276	1189.0	24	'T>A'
AP006725.1_fimC	CP064211.1_fimC	99.14893617021276	1189.0	24	'T>A'
AP006725.1_fimC	CP064258.1_fimC	99.14893617021276	1189.0	24	'T>A'
AP006725.1_fimC	CP064208.1_fimC	100.0	1194.0	.	.
AP006725.1_fimC	CP064205.1_fimC	100.0	1194.0	.	.
AP006725.1_fimC	NC.000913.3_fimC	69.64285714285714	973.0	10, 11, 12, 13, 14, 15, 16, 21, 22, 23, 25, 27, 28, 29, 30, 31, 32, 34, 53, 62, 66, 78, 79, 84, 85, 93, 103, 134, 135, 153, 167, 169, 172, 173, 178, 196, 207, 208, 209, 214, 218, 219, 236, 239, 240, 1, 2, 3, 4, 5, 6, 7	'T>S', 'A>Q', 'T>E', 'M>I', 'A>T', 'H>F', 'G>C', 'C>I', 'V>L', 'L>M', 'A>M', 'S>M', 'I>M', 'F>V', 'S>A', 'T>G', 'S>R', 'Q>E', 'V>E', 'D>E', 'W>Y', 'Q>V', 'R>K', 'V>I', 'I>V', 'Q>K', 'I>L', 'S>T', 'D>E', 'G>A', 'T>R', 'S>R', 'G>A', 'S>N', 'T>I', 'I>V', 'K>E', 'T>S', 'S>T', 'A>S', 'N>S', 'T>N', 'N>T', 'L>M', 'R>E', '->S', '->N', '->K', '->N', '->V', '->N', '->V'
