referenceID	query_seqID	identity	score	pos	changes
AP006725.1_fimF	AP006725.1_fimF	100.0	882.0	.	.
AP006725.1_fimF	CP084866.1_fimF	100.0	882.0	.	.
AP006725.1_fimF	CP025080.1_fimF	100.0	882.0	.	.
AP006725.1_fimF	CP040533.1_fimF	96.62921348314607	867.0	19, 26, 37	'F>L', 'T>A', 'A>T'
AP006725.1_fimF	CP024707.1_fimF	95.53072625698324	865.0	19, 26, 94, 105	'F>L', 'T>A', 'V>I', 'T>A'
AP006725.1_fimF	CP040539.1_fimF	96.62921348314607	867.0	19, 26, 37	'F>L', 'T>A', 'A>T'
AP006725.1_fimF	CP040545.1_fimF	96.62921348314607	867.0	19, 26, 37	'F>L', 'T>A', 'A>T'
AP006725.1_fimF	CP064241.1_fimF	96.62921348314607	867.0	19, 26, 37	'F>L', 'T>A', 'A>T'
AP006725.1_fimF	CP064232.1_fimF	100.0	882.0	.	.
AP006725.1_fimF	CP064229.1_fimF	100.0	882.0	.	.
AP006725.1_fimF	CP064223.1_fimF	96.62921348314607	867.0	19, 26, 37	'F>L', 'T>A', 'A>T'
AP006725.1_fimF	CP064217.1_fimF	96.62921348314607	867.0	19, 26, 37	'F>L', 'T>A', 'A>T'
AP006725.1_fimF	CP064211.1_fimF	96.62921348314607	867.0	19, 26, 37	'F>L', 'T>A', 'A>T'
AP006725.1_fimF	CP064258.1_fimF	96.62921348314607	867.0	19, 26, 37	'F>L', 'T>A', 'A>T'
AP006725.1_fimF	CP064208.1_fimF	100.0	882.0	.	.
AP006725.1_fimF	CP064205.1_fimF	100.0	882.0	.	.
AP006725.1_fimF	NC.000913.3_fimF	55.309734513274336	614.0	2, 3, 4, 9, 11, 12, 13, 15, 16, 17, 18, 20, 29, 36, 38, 41, 44, 45, 51, 52, 59, 60, 61, 67, 73, 79, 80, 82, 95, 97, 98, 101, 103, 104, 105, 106, 110, 112, 114, 115, 116, 118, 119, 122, 123, 124, 126, 132, 133, 134, 142, 143, 145, 164, 174, 5	'T>N', 'L>K', 'Q>P', 'G>C', 'L>F', 'F>L', 'T>W', 'G>A', 'A>V', 'P>S', 'A>H', 'F>L', 'S>R', 'A>G', 'A>S', 'G>A', 'K>T', 'D>N', 'Q>M', 'D>E', 'Y>N', 'A>N', 'V>I', 'P>V', 'V>L', 'T>N', 'S>A', 'T>S', 'V>H', 'T>A', 'S>N', 'K>A', 'D>E', 'A>N', 'G>T', 'T>V', 'A>S', 'M>L', 'V>I', 'E>Q', 'I>L', 'D>N', 'Q>E', 'S>N', 'R>Q', 'L>I', 'V>L', 'T>A', 'M>L', 'T>S', 'Q>K', 'T>P', 'I>T', 'V>I', 'F>Y', '->F'
