referenceID	query_seqID	identity	score	pos	changes
AP006725.1_fimH	AP006725.1_fimH	100.0	1567.0	.	.
AP006725.1_fimH	CP084866.1_fimH	100.0	1567.0	.	.
AP006725.1_fimH	CP025080.1_fimH	100.0	1567.0	.	.
AP006725.1_fimH	CP040533.1_fimH	99.33993399339934	1559.0	165	'H>Q'
AP006725.1_fimH	CP024707.1_fimH	99.33993399339934	1559.0	165	'H>Q'
AP006725.1_fimH	CP040539.1_fimH	99.33993399339934	1559.0	165	'H>Q'
AP006725.1_fimH	CP040545.1_fimH	99.33993399339934	1559.0	165	'H>Q'
AP006725.1_fimH	CP064241.1_fimH	99.33993399339934	1559.0	165	'H>Q'
AP006725.1_fimH	CP064232.1_fimH	100.0	1567.0	.	.
AP006725.1_fimH	CP064229.1_fimH	100.0	1567.0	.	.
AP006725.1_fimH	CP064223.1_fimH	99.33993399339934	1559.0	165	'H>Q'
AP006725.1_fimH	CP064217.1_fimH	99.33993399339934	1559.0	165	'H>Q'
AP006725.1_fimH	CP064211.1_fimH	99.33993399339934	1559.0	165	'H>Q'
AP006725.1_fimH	CP064258.1_fimH	99.33993399339934	1559.0	165	'H>Q'
AP006725.1_fimH	CP064208.1_fimH	100.0	1567.0	.	.
AP006725.1_fimH	CP064205.1_fimH	100.0	1567.0	.	.
AP006725.1_fimH	NC.000913.3_fimH	73.98843930635837	1337.0	3, 4, 6, 10, 11, 14, 18, 29, 31, 32, 47, 49, 92, 100, 102, 110, 113, 116, 118, 127, 128, 136, 143, 154, 163, 165, 167, 201, 202, 203, 208, 211, 214, 226, 227, 229, 237, 243, 252, 253, 254, 258, 264, 269, 271, 277, 282, 296, 0, 9	'K>R', 'I>V', 'P>T', 'T>A', 'L>V', 'L>M', 'M>V', 'T>N', 'A>T', 'T>A', 'T>A', 'A>V', 'S>N', 'N>S', 'T>S', 'T>S', 'A>P', 'I>V', 'D>N', 'A>V', 'V>A', 'T>S', 'T>K', 'H>R', 'S>D', 'H>Q', 'I>V', 'M>V', 'A>P', 'V>I', 'H>Y', 'Q>K', 'Q>N', 'S>A', 'A>G', 'A>S', 'A>F', 'I>V', 'S>T', 'A>I', 'V>I', 'S>N', 'T>A', 'P>A', 'N>S', 'T>N', 'T>G', 'I>V', 'M>-', 'T>-'
