referenceID	query_seqID	identity	score	pos	changes
AP006725.1_fimI	AP006725.1_fimI	100.0	933.0	.	.
AP006725.1_fimI	CP084866.1_fimI	100.0	933.0	.	.
AP006725.1_fimI	CP025080.1_fimI	100.0	933.0	.	.
AP006725.1_fimI	CP040533.1_fimI	96.68508287292818	915.0	42, 135, 145	'R>H', 'A>T', 'P>R'
AP006725.1_fimI	CP024707.1_fimI	98.88268156424581	929.0	64	'A>G'
AP006725.1_fimI	CP040539.1_fimI	96.68508287292818	915.0	42, 135, 145	'R>H', 'A>T', 'P>R'
AP006725.1_fimI	CP040545.1_fimI	96.68508287292818	915.0	42, 135, 145	'R>H', 'A>T', 'P>R'
AP006725.1_fimI	CP064241.1_fimI	96.68508287292818	915.0	42, 135, 145	'R>H', 'A>T', 'P>R'
AP006725.1_fimI	CP064232.1_fimI	100.0	933.0	.	.
AP006725.1_fimI	CP064229.1_fimI	100.0	933.0	.	.
AP006725.1_fimI	CP064223.1_fimI	96.68508287292818	915.0	42, 135, 145	'R>H', 'A>T', 'P>R'
AP006725.1_fimI	CP064217.1_fimI	96.68508287292818	915.0	42, 135, 145	'R>H', 'A>T', 'P>R'
AP006725.1_fimI	CP064211.1_fimI	96.68508287292818	915.0	42, 135, 145	'R>H', 'A>T', 'P>R'
AP006725.1_fimI	CP064258.1_fimI	96.68508287292818	915.0	42, 135, 145	'R>H', 'A>T', 'P>R'
AP006725.1_fimI	CP064208.1_fimI	100.0	933.0	.	.
AP006725.1_fimI	CP064205.1_fimI	100.0	933.0	.	.
AP006725.1_fimI	NC.000913.3_fimI	58.666666666666664	691.0	1, 2, 3, 4, 5, 6, 9, 14, 15, 21, 24, 30, 32, 36, 38, 40, 41, 44, 49, 55, 71, 73, 76, 80, 81, 85, 88, 89, 93, 116, 117, 120, 125, 126, 128, 129, 130, 132, 136, 137, 138, 140, 141, 144, 146, 148, 150, 152, 161, 166, 10	'Q>K', 'G>R', 'M>K', 'K>R', 'S>L', 'G>F', 'L>A', 'P>M', 'L>F', 'H>K', 'V>T', 'S>N', 'R>Q', 'L>V', 'M>I', 'S>E', 'S>T', 'V>I', 'R>K', 'L>M', 'N>A', 'I>V', 'A>V', 'Q>R', 'D>E', 'A>V', 'Q>E', 'H>R', 'T>A', 'S>T', 'G>N', 'I>V', 'S>D', 'Q>E', 'Q>N', 'Q>L', 'L>V', 'L>I', 'A>P', 'D>A', 'R>N', 'I>K', 'S>R', 'R>S', 'P>S', 'T>S', 'N>H', 'V>I', 'Q>R', 'A>I', '->S'
